{
  "result_count": 365,
  "results": [
    {
      "PlayerIDSID": 203481,
      "PlayerFirstName": "Jeff ",
      "PlayerLastName": "Withey",
      "PlayerNumber": 24,
      "P": "C",
      "TeamIDSID": 1610612762,
      "TeamName": "Utah Jazz",
      "TeamNameAbbreviation": "UTA",
      "TeamShortName": "Utah",
      "GP": 16,
      "Poss": 6,
      "Time": 14.28569984436,
      "Points": 4,
      "FGA": 4,
      "FGM": 1,
      "PPP": 0.66666698455811,
      "WorsePPP": 0,
      "BetterPPP": 0,
      "PossG": 0.375,
      "PPG": 0.25,
      "FGAG": 0.25,
      "FGMG": 0.0625,
      "FGmG": 0.1875,
      "FGm": 3,
      "FG": 25,
      "aFG": 25,
      "FT": 16.666666666667,
      "TO": 16.666666666667,
      "SF": 16.666666666667,
      "PlusOne": 0,
      "Score": 33.333333333333,
      "name": "Offensive",
      "season": 2016,
      "seasonType": "Reg"
    },
    {
      "PlayerIDSID": 2734,
      "PlayerFirstName": "Devin",
      "PlayerLastName": "Harris",
      "PlayerNumber": 34,
      "P": "G",
      "TeamIDSID": 1610612742,
      "TeamName": "Dallas Mavericks",
      "TeamNameAbbreviation": "DAL",
      "TeamShortName": "Dallas",
      "GP": 2,
      "Poss": 1,
      "Time": 16.666700363159,
      "Points": 0,
      "FGA": 1,
      "FGM": 0,
      "PPP": 0,
      "WorsePPP": 0,
      "BetterPPP": 0,
      "PossG": 0.5,
      "PPG": 0,
      "FGAG": 0.5,
      "FGMG": 0,
      "FGmG": 0.5,
      "FGm": 1,
      "FG": 0,
      "aFG": 0,
      "FT": 0,
      "TO": 0,
      "SF": 0,
      "PlusOne": 0,
      "Score": 0,
      "name": "Offensive",
      "season": 2016,
      "seasonType": "Reg"
    },
    {
      "PlayerIDSID": 56156,
      "PlayerFirstName": "Devin",
      "PlayerLastName": "Booker",
      "PlayerNumber": 1,
      "P": "G",
      "TeamIDSID": 1610612756,
      "TeamName": "Phoenix Suns",
      "TeamNameAbbreviation": "PHX",
      "TeamShortName": "Phoenix",
      "GP": 18,
      "Poss": 70,
      "Time": 18.27680015564,
      "Points": 74,
      "FGA": 58,
      "FGM": 28,
      "PPP": 1.0571399927139,
      "WorsePPP": 111,
      "BetterPPP": 148,
      "PossG": 3.8888888888889,
      "PPG": 4.1111111111111,
      "FGAG": 3.2222222222222,
      "FGMG": 1.5555555555556,
      "FGmG": 1.6666666666667,
      "FGm": 30,
      "FG": 48.275862068966,
      "aFG": 56.034482758621,
      "FT": 12.857142857143,
      "TO": 8.5714285714286,
      "SF": 11.428571428571,
      "PlusOne": 4.2857142857143,
      "Score": 45.714285714286,
      "name": "Offensive",
      "season": 2016,
      "seasonType": "Reg"
    },
    {
      "PlayerIDSID": 1718,
      "PlayerFirstName": "Paul",
      "PlayerLastName": "Pierce",
      "PlayerNumber": 34,
      "P": "F-G",
      "TeamIDSID": 1610612746,
      "TeamName": "Los Angeles Clippers",
      "TeamNameAbbreviation": "LAC",
      "TeamShortName": "LAClippers",
      "GP": 4,
      "Poss": 3,
      "Time": 16.666700363159,
      "Points": 5,
      "FGA": 2,
      "FGM": 1,
      "PPP": 1.6666699647903,
      "WorsePPP": 0,
      "BetterPPP": 0,
      "PossG": 0.75,
      "PPG": 1.25,
      "FGAG": 0.5,
      "FGMG": 0.25,
      "FGmG": 0.25,
      "FGm": 1,
      "FG": 50,
      "aFG": 75,
      "FT": 33.333333333333,
      "TO": 0,
      "SF": 33.333333333333,
      "PlusOne": 0,
      "Score": 66.666666666667,
      "name": "Offensive",
      "season": 2016,
      "seasonType": "Reg"
    },
    {
      "PlayerIDSID": 1627850,
      "PlayerFirstName": "Marshall",
      "PlayerLastName": "Plumlee",
      "PlayerNumber": 40,
      "P": "C",
      "TeamIDSID": 1610612752,
      "TeamName": "New York Knicks",
      "TeamNameAbbreviation": "NYK",
      "TeamShortName": "NewYork",
      "GP": 2,
      "Poss": 2,
      "Time": 100,
      "Points": 4,
      "FGA": 1,
      "FGM": 1,
      "PPP": 2,
      "WorsePPP": 0,
      "BetterPPP": 0,
      "PossG": 1,
      "PPG": 2,
      "FGAG": 0.5,
      "FGMG": 0.5,
      "FGmG": 0,
      "FGm": 0,
      "FG": 100,
      "aFG": 100,
      "FT": 100,
      "TO": 0,
      "SF": 100,
      "PlusOne": 50,
      "Score": 100,
      "name": "Offensive",
      "season": 2016,
      "seasonType": "Reg"
    },
    {
      "PlayerIDSID": 1626148,
      "PlayerFirstName": "Anthony",
      "PlayerLastName": "Brown",
      "PlayerNumber": 21,
      "P": "F",
      "TeamIDSID": 1610612740,
      "TeamName": "New Orleans Pelicans",
      "TeamNameAbbreviation": "NOP",
      "TeamShortName": "NewOrleans",
      "GP": 5,
      "Poss": 2,
      "Time": 13.333299636841,
      "Points": 2,
      "FGA": 2,
      "FGM": 1,
      "PPP": 1,
      "WorsePPP": 0,
      "BetterPPP": 0,
      "PossG": 0.4,
      "PPG": 0.4,
      "FGAG": 0.4,
      "FGMG": 0.2,
      "FGmG": 0.2,
      "FGm": 1,
      "FG": 50,
      "aFG": 50,
      "FT": 0,
      "TO": 0,
      "SF": 0,
      "PlusOne": 0,
      "Score": 50,
      "name": "Offensive",
      "season": 2016,
      "seasonType": "Reg"
    },
    {
      "PlayerIDSID": 201961,
      "PlayerFirstName": "Wayne",
      "PlayerLastName": "Ellington",
      "PlayerNumber": 2,
      "P": "G",
      "TeamIDSID": 1610612748,
      "TeamName": "Miami Heat",
      "TeamNameAbbreviation": "MIA",
      "TeamShortName": "Miami",
      "GP": 3,
      "Poss": 7,
      "Time": 20.588199615479,
      "Points": 14,
      "FGA": 6,
      "FGM": 5,
      "PPP": 2,
      "WorsePPP": 0,
      "BetterPPP": 0,
      "PossG": 2.3333333333333,
      "PPG": 4.6666666666667,
      "FGAG": 2,
      "FGMG": 1.6666666666667,
      "FGmG": 0.33333333333333,
      "FGm": 1,
      "FG": 83.333333333333,
      "aFG": 100,
      "FT": 14.285714285714,
      "TO": 0,
      "SF": 0,
      "PlusOne": 0,
      "Score": 85.714285714286,
      "name": "Offensive",
      "season": 2016,
      "seasonType": "Reg"
    },
    {
      "PlayerIDSID": 201627,
      "PlayerFirstName": "Anthony",
      "PlayerLastName": "Morrow",
      "PlayerNumber": 2,
      "P": "G",
      "TeamIDSID": 1610612760,
      "TeamName": "Oklahoma City Thunder",
      "TeamNameAbbreviation": "OKC",
      "TeamShortName": "OklahomaCity",
      "GP": 14,
      "Poss": 12,
      "Time": 15.384599685669,
      "Points": 13,
      "FGA": 11,
      "FGM": 5,
      "PPP": 1.0833300352097,
      "WorsePPP": 119,
      "BetterPPP": 139,
      "PossG": 0.85714285714286,
      "PPG": 0.92857142857143,
      "FGAG": 0.78571428571429,
      "FGMG": 0.35714285714286,
      "FGmG": 0.42857142857143,
      "FGm": 6,
      "FG": 45.454545454545,
      "aFG": 54.545454545455,
      "FT": 8.3333333333333,
      "TO": 0,
      "SF": 0,
      "PlusOne": 0,
      "Score": 50,
      "name": "Offensive",
      "season": 2016,
      "seasonType": "Reg"
    },
    {
      "PlayerIDSID": 203094,
      "PlayerFirstName": "Andrew",
      "PlayerLastName": "Nicholson",
      "PlayerNumber": 44,
      "P": "F",
      "TeamIDSID": 1610612764,
      "TeamName": "Washington Wizards",
      "TeamNameAbbreviation": "WAS",
      "TeamShortName": "Washington",
      "GP": 12,
      "Poss": 1,
      "Time": 1.78570997715,
      "Points": 0,
      "FGA": 1,
      "FGM": 0,
      "PPP": 0,
      "WorsePPP": 0,
      "BetterPPP": 0,
      "PossG": 0.083333333333333,
      "PPG": 0,
      "FGAG": 0.083333333333333,
      "FGMG": 0,
      "FGmG": 0.083333333333333,
      "FGm": 1,
      "FG": 0,
      "aFG": 0,
      "FT": 0,
      "TO": 0,
      "SF": 0,
      "PlusOne": 0,
      "Score": 0,
      "name": "Offensive",
      "season": 2016,
      "seasonType": "Reg"
    },
    {
      "PlayerIDSID": 1627756,
      "PlayerFirstName": "Denzel",
      "PlayerLastName": "Valentine",
      "PlayerNumber": 45,
      "P": "G",
      "TeamIDSID": 1610612741,
      "TeamName": "Chicago Bulls",
      "TeamNameAbbreviation": "CHI",
      "TeamShortName": "Chicago",
      "GP": 12,
      "Poss": 4,
      "Time": 10.256400108337,
      "Points": 3,
      "FGA": 4,
      "FGM": 1,
      "PPP": 0.75,
      "WorsePPP": 0,
      "BetterPPP": 0,